score,chr_name,chr_position,r2,effect_weight,include
PGS002695,10,94426,0.86747,7.43310010875575E-06,1
PGS002695,10,98087,0.86981,5.39850020686572E-07,1
PGS002695,10,98481,0.91926,3.14729986712336E-05,1
PGS002695,10,104427,0.87647,-5.1988999985042E-06,1
PGS002695,10,111955,0.9124,3.6753001040779E-05,1
PGS002695,10,111955,0.9124,3.6753001040779E-05,1
PGS002695,10,111955,0.9124,7.56800000090152E-05,1
PGS002695,10,113224,0.90936,5.95260007685283E-06,1
PGS002695,10,113934,0.87731,2.09039990295423E-06,1
PGS002695,10,113934,0.87731,-2.79660002888704E-06,1
PGS002695,10,114308,0.91457,2.93779994535726E-05,1
PGS002695,10,114308,0.91457,7.20050002200878E-06,1
PGS002695,10,114779,0.91007,5.64760011911858E-06,1
PGS002695,10,119812,0.8851,-2.44250009018288E-06,1
PGS002695,10,119893,0.87413,5.39590018888703E-06,1
PGS002695,10,122109,0.87678,1.86629995369003E-06,1
PGS002695,10,124767,0.91001,1.63330005307216E-05,1
PGS002695,10,124767,0.91001,6.75870032864623E-05,1
PGS002695,10,126070,0.70593,1.40160000228207E-05,1
PGS002695,10,126070,0.70593,-1.29230002130498E-05,1
PGS002695,10,126237,0.9211,8.0009003795567E-06,1
PGS002695,10,131636,0.69702,3.43360006809235E-05,1
PGS002695,10,134767,0.98047,9.80420011842398E-08,1
PGS002695,10,134775,0.95042,-1.83209995157085E-05,1
PGS002695,10,135656,0.99961,8.82170024851803E-06,1
PGS002695,10,135656,0.99961,-3.57200005964842E-05,1
PGS002695,10,135708,0.99948,1.10040002709866E-06,1
PGS002695,10,135708,0.99948,3.6753001040779E-05,1
PGS002695,10,135708,0.99948,5.21980018675095E-06,1
PGS002695,10,135853,0.99933,2.04400002985494E-05,1
PGS002695,10,135853,0.99933,4.81860006402712E-05,1
PGS002695,10,143543,0.95542,3.6753001040779E-05,1
PGS002695,10,143543,0.95542,3.83769984182436E-05,1
PGS002695,10,144847,0.87269,1.79109997588967E-06,1
PGS002695,10,148325,0.99979,3.2333999115508E-05,1
PGS002695,10,148325,0.99979,1.6546000551898E-05,1
PGS002695,10,149465,0.96647,1.89950005733408E-05,1
PGS002695,10,151997,0.99031,2.68469993898179E-05,1
PGS002695,10,151997,0.99031,1.00289998954395E-05,1
PGS002695,10,152201,0.99176,3.31660012307111E-05,1
PGS002695,10,152201,0.99176,1.8701999579207E-05,1
PGS002695,10,154552,0.99996,2.5338000341435E-05,1
PGS002695,10,154552,0.99996,1.49300003613462E-05,1
PGS002695,10,158946,0.99988,5.21450010637636E-06,1
PGS002695,10,158946,0.99988,-2.54040005529532E-05,1
PGS002695,10,158971,0.99993,4.29979991167784E-06,1
PGS002695,10,159076,0.99953,6.19079992247862E-06,1
PGS002695,10,159076,0.99953,-1.09450002128142E-05,1
PGS002695,10,159404,0.99932,5.99539998802356E-06,1
PGS002695,10,159404,0.99932,-2.67029990936862E-05,1
PGS002695,10,160699,0.99379,1.23569998322637E-05,1
PGS002695,10,162102,0.96823,6.26929977443069E-06,1
PGS002695,10,162102,0.96823,3.6753001040779E-05,1
PGS002695,10,162102,0.96823,-3.00429996968887E-06,1
PGS002695,10,162271,0.84878,1.9006000002264E-05,1
PGS002695,10,162271,0.84878,-7.81130001996644E-05,1
PGS002695,10,162550,0.74405,1.81729992618784E-05,1
PGS002695,10,163707,0.77502,1.6645999494358E-05,1
PGS002695,10,163707,0.77502,-3.39059988618828E-05,1
PGS002695,10,169560,0.99886,3.56279997504316E-05,1
PGS002695,10,171126,0.7797,3.60650010406971E-05,1
PGS002695,10,175308,0.94733,2.60519991570618E-05,1
PGS002695,10,175308,0.94733,2.33200007642154E-05,1
PGS002695,10,175653,0.96313,9.57140036916826E-06,1
PGS002695,10,177393,0.99958,5.19050008733757E-05,1
PGS002695,10,178434,0.9996,1.96090004465077E-05,1
PGS002695,10,178434,0.9996,4.40190015069675E-05,1
PGS002695,10,183151,0.95501,1.45909998536808E-05,1
PGS002695,10,183151,0.95501,4.72889987577219E-05,1
PGS002695,10,185171,1,3.38450008712243E-05,1
PGS002695,10,185358,1,3.34639989887364E-05,1
PGS002695,10,185876,0.68012,3.32950003212318E-05,1
PGS002695,10,186795,0.99989,1.07659998320742E-05,1
PGS002695,10,187565,0.99959,1.1649999578367E-05,1
PGS002695,10,188805,0.99923,9.189499905915E-06,1
PGS002695,10,188805,0.99923,3.6753001040779E-05,1
PGS002695,10,188805,0.99923,-3.28479982272256E-05,1
PGS002695,10,190851,0.6889,3.28829992213286E-05,1
PGS002695,10,192533,0.68933,3.19760001730174E-05,1
PGS002695,10,196639,0.97069,1.59720002557151E-07,1
PGS002695,10,198411,0.96593,1.36010003188858E-05,1
PGS002695,10,200144,0.96171,1.20320000860374E-05,1
PGS002695,10,200360,0.72296,3.24210013786796E-05,1
PGS002695,10,200964,0.72469,3.20389990520198E-05,1
PGS002695,10,201544,0.72469,3.18249985866714E-05,1
PGS002695,10,201762,0.98034,-3.14409990096465E-05,1
PGS002695,10,202543,0.96732,1.19830001494847E-05,1
PGS002695,10,203471,0.99964,5.8012001318275E-06,1
PGS002695,10,203471,0.99964,2.09719999588742E-07,1
PGS002695,10,203800,0.99371,1.23310001072241E-05,1
PGS002695,10,205071,0.9956,2.73480000032578E-05,1
PGS002695,10,205853,0.9594,1.40089996421011E-05,1
PGS002695,10,206857,0.95856,1.19870001071831E-05,1
PGS002695,10,207829,0.9634,1.12540001282468E-05,1
PGS002695,10,209448,0.98398,1.30850003188243E-05,1
PGS002695,10,209448,0.98398,2.52469999395544E-05,1
PGS002695,10,213346,0.98491,1.92850006897061E-06,1
PGS002695,10,213748,0.92102,4.34460016549565E-05,1
PGS002695,10,213925,0.77555,2.94260007649427E-05,1
